Account Number,Post Date,Check,Description,Debit,Credit,Status
"XXXXXX7703",4/17/2026,,"AMAZON MKTPLACE PMTS",194.65,,Pending
"XXXXXX7703",4/16/2026,,"GUGLHUPF RESTAURANT",4.83,,Pending
"XXXXXX7703",4/14/2026,,"RAISING CANES 1260       RALEIGH      NC",12.44,,Posted
"XXXXXX7703",4/11/2026,,"MICROSOFT*XBOX           MICROSOFT.COMWA",21.39,,Posted
"XXXXXX7703",4/10/2026,,"SHELL OIL 57544553100    CHAPEL HILL  NC",58.61,,Posted
"XXXXXX7703",4/8/2026,,"TRC DURHAM               154-13165747 NC",15.00,,Posted
"XXXXXX7703",4/7/2026,,"BEST BUY      00010512   DURHAM       NC",8.59,,Posted
"XXXXXX7703",4/4/2026,,"MIKES BITES              BALD HEAD ISLNC",12.00,,Posted
"XXXXXX7703",4/1/2026,,"VE BOTTEGA PROSECCO BAR  VENEZIA      IT",23.94,,Posted
"XXXXXX7703",4/1/2026,,"FOREIGN CURRENCY FEE",.71,,Posted
"XXXXXX7703",3/31/2026,,"GELATERIA ROMANA         PADOVA       IT",4.03,,Posted
"XXXXXX7703",3/31/2026,,"FOREIGN CURRENCY FEE",.12,,Posted
"XXXXXX7703",3/31/2026,,"GRAUND SNC               PADOVA       IT",3.23,,Posted
"XXXXXX7703",3/31/2026,,"FOREIGN CURRENCY FEE",.09,,Posted
"XXXXXX7703",3/31/2026,,"FRATERNA AT SRL          PADOVA       IT",27.08,,Posted
"XXXXXX7703",3/31/2026,,"FOREIGN CURRENCY FEE",.81,,Posted
"XXXXXX7703",3/30/2026,,"OTIVM PADOVA             PADOVA       IT",5.77,,Posted
"XXXXXX7703",3/30/2026,,"FOREIGN CURRENCY FEE",.17,,Posted
"XXXXXX7703",3/30/2026,,"BEPE BIGOI               PADOVA       IT",10.39,,Posted
"XXXXXX7703",3/30/2026,,"FOREIGN CURRENCY FEE",.31,,Posted
"XXXXXX7703",3/30/2026,,"ASS. TRADIZIONI LATINE   CASALMAIOCCO IT",17.32,,Posted
"XXXXXX7703",3/30/2026,,"FOREIGN CURRENCY FEE",.51,,Posted
"XXXXXX7703",3/29/2026,,"GRAUND SNC               PADOVA       IT",4.04,,Posted
"XXXXXX7703",3/29/2026,,"FOREIGN CURRENCY FEE",.12,,Posted
"XXXXXX7703",3/28/2026,,"GELATERIA ROMANA         PADOVA       IT",4.62,,Posted
"XXXXXX7703",3/28/2026,,"FOREIGN CURRENCY FEE",.13,,Posted
"XXXXXX7703",3/28/2026,,"GRAUND SNC               PADOVA       IT",12.13,,Posted
"XXXXXX7703",3/28/2026,,"FOREIGN CURRENCY FEE",.36,,Posted
"XXXXXX7703",3/28/2026,,"GRAUND SNC               PADOVA       IT",13.28,,Posted
"XXXXXX7703",3/28/2026,,"FOREIGN CURRENCY FEE",.39,,Posted
"XXXXXX7703",3/27/2026,,"MAXSI SRL                PADOVA       IT",53.69,,Posted
"XXXXXX7703",3/27/2026,,"FOREIGN CURRENCY FEE",1.61,,Posted
"XXXXXX7703",3/17/2026,,"NC SEC OF STATE CORP     919-814-5325 NC",128.00,,Posted
"XXXXXX7703",3/16/2026,,"MOBILITA  BY MYCICERO    SENIGALLIA   IT",14.99,,Posted
"XXXXXX7703",3/16/2026,,"FOREIGN CURRENCY FEE",.44,,Posted
"XXXXXX7703",3/12/2026,,"WWW.HOSTELWORLD.COM      DUBLIN       IE",208.74,,Posted
"XXXXXX7703",3/1/2026,,"ELECTRONIC PMT-THANK YOU RALEIGH      NC",,1230.15,Posted
"XXXXXX7703",3/1/2026,,"ELECTRONIC PMT-THANK YOU RALEIGH      NC",,1421.55,Posted
"XXXXXX7703",2/28/2026,,"AIRBNB * HMS5EC5SBK      069-936-6533 LU",50.81,,Posted
"XXXXXX7703",2/28/2026,,"FOREIGN CURRENCY FEE",1.52,,Posted
"XXXXXX7703",2/25/2026,,"NY CARLSBERG GLYPTOTEK   KOEBENHAVN V DK",3.16,,Posted
"XXXXXX7703",2/25/2026,,"NY CARLSBERG GLYPTOTEK   KOEBENHAVN V DK",3.16,,Posted
"XXXXXX7703",2/25/2026,,"FOREIGN CURRENCY FEE",.09,,Posted
"XXXXXX7703",2/25/2026,,"FOREIGN CURRENCY FEE",.09,,Posted
"XXXXXX7703",2/23/2026,,"AIRALO                   SINGAPORE    SG",37.00,,Posted
"XXXXXX7703",2/23/2026,,"NATOO                    VENEZIA      IT",6.50,,Posted
"XXXXXX7703",2/23/2026,,"REMA1000 KBH.K           KOEBENHAVN K DK",10.95,,Posted
"XXXXXX7703",2/23/2026,,"MIAS FODDERBRAET         KOEBENHAVN K DK",10.27,,Posted
"XXXXXX7703",2/23/2026,,"GOTHERSGADE 40           KOBENHAVN K  DK",19.60,,Posted
"XXXXXX7703",2/23/2026,,"Dansk Arkitektur Center  Koebenhavn K DK",9.48,,Posted
"XXXXXX7703",2/23/2026,,"DAC                      KOeBENHAVN K DK",9.48,,Posted
"XXXXXX7703",2/23/2026,,"Espresso House 7137      Koebenhavn K DK",9.01,,Posted
"XXXXXX7703",2/23/2026,,"FOREIGN CURRENCY FEE",.19,,Posted
"XXXXXX7703",2/23/2026,,"FOREIGN CURRENCY FEE",.32,,Posted
"XXXXXX7703",2/23/2026,,"FOREIGN CURRENCY FEE",.30,,Posted
"XXXXXX7703",2/23/2026,,"FOREIGN CURRENCY FEE",.58,,Posted
"XXXXXX7703",2/23/2026,,"FOREIGN CURRENCY FEE",.28,,Posted
"XXXXXX7703",2/23/2026,,"FOREIGN CURRENCY FEE",.28,,Posted
"XXXXXX7703",2/23/2026,,"FOREIGN CURRENCY FEE",.27,,Posted
"XXXXXX7703",2/22/2026,,"MOBILITA  BY MYCICERO    SENIGALLIA   IT",15.35,,Posted
"XXXXXX7703",2/22/2026,,"GRAUND SNC               PADOVA       IT",9.68,,Posted
"XXXXXX7703",2/22/2026,,"FOREIGN CURRENCY FEE",.46,,Posted
"XXXXXX7703",2/22/2026,,"FOREIGN CURRENCY FEE",.29,,Posted
"XXXXXX7703",2/21/2026,,"GELATERIA ROMANA         PADOVA       IT",5.91,,Posted
"XXXXXX7703",2/21/2026,,"daPRETTE Bakery          Padova       IT",13.23,,Posted
"XXXXXX7703",2/21/2026,,"LA FOLPERIA              LEGNARO      IT",20.31,,Posted
"XXXXXX7703",2/21/2026,,"FOREIGN CURRENCY FEE",.17,,Posted
"XXXXXX7703",2/21/2026,,"FOREIGN CURRENCY FEE",.39,,Posted
"XXXXXX7703",2/21/2026,,"FOREIGN CURRENCY FEE",.60,,Posted
"XXXXXX7703",2/20/2026,,"AIRALO                   SINGAPORE    SG",4.00,,Posted
"XXXXXX7703",2/17/2026,,"AIRBNB * HMS5EC5SBK      069-936-6533 LU",97.09,,Posted
"XXXXXX7703",2/17/2026,,"THEO WAWRYNOW - ROA      DIJON        FR",11.87,,Posted
"XXXXXX7703",2/17/2026,,"FOREIGN CURRENCY FEE",2.91,,Posted
"XXXXXX7703",2/17/2026,,"FOREIGN CURRENCY FEE",.35,,Posted
"XXXXXX7703",2/16/2026,,"STEAMGAMES.COM 4259522985425-8899642  WA",37.45,,Posted
"XXXXXX7703",2/16/2026,,"2272 DS2 PD CENTOSTAZION PADOVA       IT",26.25,,Posted
"XXXXXX7703",2/16/2026,,"BAR CLODIA               VENEZIA      IT",4.16,,Posted
"XXXXXX7703",2/16/2026,,"BAR CLODIA               VENEZIA      IT",5.94,,Posted
"XXXXXX7703",2/16/2026,,"OSTERIA AI DO ARCHI      VENEZIA      IT",20.21,,Posted
"XXXXXX7703",2/16/2026,,"VENICE ART GLASS DI MEMA VENEZIA      IT",23.77,,Posted
"XXXXXX7703",2/16/2026,,"TRENITALIA - PT WL       https://www.tIT",5.94,,Posted
"XXXXXX7703",2/16/2026,,"FOREIGN CURRENCY FEE",.78,,Posted
"XXXXXX7703",2/16/2026,,"FOREIGN CURRENCY FEE",.12,,Posted
"XXXXXX7703",2/16/2026,,"FOREIGN CURRENCY FEE",.17,,Posted
"XXXXXX7703",2/16/2026,,"FOREIGN CURRENCY FEE",.60,,Posted
"XXXXXX7703",2/16/2026,,"FOREIGN CURRENCY FEE",.71,,Posted
"XXXXXX7703",2/16/2026,,"FOREIGN CURRENCY FEE",.17,,Posted
"XXXXXX7703",2/15/2026,,"PAM LOCAL                PADOVA       IT",22.47,,Posted
"XXXXXX7703",2/15/2026,,"FOREIGN CURRENCY FEE",.67,,Posted
"XXXXXX7703",2/14/2026,,"GELATERIA ROMANA         PADOVA       IT",4.75,,Posted
"XXXXXX7703",2/14/2026,,"AMZN Mktp IT*QO8FQ9G65   AMAZON.IT    LU",77.77,,Posted
"XXXXXX7703",2/14/2026,,"ATTIMI SUSHI             PADOVA       IT",24.25,,Posted
"XXXXXX7703",2/14/2026,,"FOREIGN CURRENCY FEE",.14,,Posted
"XXXXXX7703",2/14/2026,,"FOREIGN CURRENCY FEE",.72,,Posted
"XXXXXX7703",2/13/2026,,"GOV*NC DMV               855-9806559  NC",20.06,,Posted
"XXXXXX7703",2/11/2026,,"LA MONELLA LOUGE BAR     PADOVA       IT",5.97,,Posted
"XXXXXX7703",2/11/2026,,"WWW.HOSTELWORLD.COM      DUBLIN       IE",12.85,,Posted
"XXXXXX7703",2/11/2026,,"MS* GENERATORCOPENHAG    COPENHAGEN   DK",51.70,,Posted
"XXXXXX7703",2/11/2026,,"FOREIGN CURRENCY FEE",.17,,Posted
"XXXXXX7703",2/11/2026,,"FOREIGN CURRENCY FEE",.38,,Posted
"XXXXXX7703",2/11/2026,,"FOREIGN CURRENCY FEE",1.55,,Posted
"XXXXXX7703",2/6/2026,,"LA RISORTA-OSTERIA       PADOVA       IT",9.46,,Posted
"XXXXXX7703",2/6/2026,,"LA RISORTA-OSTERIA       PADOVA       IT",4.73,,Posted
"XXXXXX7703",2/6/2026,,"FOREIGN CURRENCY FEE",.28,,Posted
"XXXXXX7703",2/6/2026,,"FOREIGN CURRENCY FEE",.14,,Posted
"XXXXXX7703",2/5/2026,,"PAM LOCAL                PADOVA       IT",3.20,,Posted
"XXXXXX7703",2/5/2026,,"FOREIGN CURRENCY FEE",.09,,Posted
"XXXXXX7703",2/4/2026,,"INTELLIGHENZIA PROJECT   PADOVA       IT",3.55,,Posted
"XXXXXX7703",2/4/2026,,"FOREIGN CURRENCY FEE",.10,,Posted
"XXXXXX7703",2/2/2026,,"RECRAFT                  RECRAFT.AI   CA",12.00,,Posted
"XXXXXX7703",2/2/2026,,"AMAZON MKTPL*822YN3QV3   Amzn.com/billWA",827.07,,Posted
"XXXXXX7703",2/1/2026,,"ELECTRONIC PMT-THANK YOU RALEIGH      NC",,578.75,Posted
"XXXXXX7703",2/1/2026,,"ELECTRONIC PMT-THANK YOU RALEIGH      NC",,92.41,Posted
"XXXXXX7703",1/28/2026,,"TIGOTA'                  PADOVA       IT",16.79,,Posted
"XXXXXX7703",1/28/2026,,"FOREIGN CURRENCY FEE",.50,,Posted
"XXXXXX7703",1/25/2026,,"PAM LOCAL                PADOVA       IT",9.71,,Posted
"XXXXXX7703",1/25/2026,,"KANG KWANG BAE           PADOVA       IT",12.19,,Posted
"XXXXXX7703",1/25/2026,,"FOREIGN CURRENCY FEE",.29,,Posted
"XXXXXX7703",1/25/2026,,"FOREIGN CURRENCY FEE",.36,,Posted
"XXXXXX7703",1/22/2026,,"MOC FUSION               HLAVNI MESTO CZ",49.81,,Posted
"XXXXXX7703",1/22/2026,,"MOBILITA  BY MYCICERO    SENIGALLIA   IT",6.81,,Posted
"XXXXXX7703",1/22/2026,,"ATVO SPA NEW PALMARI MOB SAN DONA' DI IT",14.09,,Posted
"XXXXXX7703",1/22/2026,,"TRENITALIA - PT WL       https://www.tIT",4.76,,Posted
"XXXXXX7703",1/22/2026,,"Mini Market              Praha 1      CZ",6.28,,Posted
"XXXXXX7703",1/22/2026,,"DPCZN00103               Praha 9 - VysCZ",57.98,,Posted
"XXXXXX7703",1/22/2026,,"FOREIGN CURRENCY FEE",1.49,,Posted
"XXXXXX7703",1/22/2026,,"FOREIGN CURRENCY FEE",.20,,Posted
"XXXXXX7703",1/22/2026,,"FOREIGN CURRENCY FEE",.42,,Posted
"XXXXXX7703",1/22/2026,,"FOREIGN CURRENCY FEE",.14,,Posted
"XXXXXX7703",1/22/2026,,"FOREIGN CURRENCY FEE",.18,,Posted
"XXXXXX7703",1/22/2026,,"FOREIGN CURRENCY FEE",1.73,,Posted
"XXXXXX7703",1/21/2026,,"Hrad - Is 4              Praha 012    CZ",58.04,,Posted
"XXXXXX7703",1/21/2026,,"SBX PRAHA CLOCK          PRAHA 1      CZ",8.66,,Posted
"XXXXXX7703",1/21/2026,,"Luxor01 Palac knih       PRAHA 1      CZ",23.07,,Posted
"XXXXXX7703",1/21/2026,,"FOREIGN CURRENCY FEE",1.74,,Posted
"XXXXXX7703",1/21/2026,,"FOREIGN CURRENCY FEE",.25,,Posted
"XXXXXX7703",1/21/2026,,"FOREIGN CURRENCY FEE",.69,,Posted
"XXXXXX7703",1/20/2026,,"WOKIN Purkynova          Praha        CZ",2.64,,Posted
"XXXXXX7703",1/20/2026,,"WOKIN NOVE MESTO         PRAHA 1      CZ",11.03,,Posted
"XXXXXX7703",1/20/2026,,"CAPUCCINERIA             HLAVNI MESTO CZ",9.12,,Posted
"XXXXXX7703",1/20/2026,,"SUPERMARKET              JOSEFOV      CZ",14.59,,Posted
"XXXXXX7703",1/20/2026,,"SUVENIR                  PRAHA 1      CZ",48.00,,Posted
"XXXXXX7703",1/20/2026,,"POTRAVINY 45             PRAHA        CZ",21.60,,Posted
"XXXXXX7703",1/20/2026,,"CAFE BAR &amp; RESTAURANT MELPRAHA        CZ",70.18,,Posted
"XXXXXX7703",1/20/2026,,"SUMUP  *PRAGUE TOUR JAN  HOSTIVICE    CZ",11.62,,Posted
"XXXXXX7703",1/20/2026,,"Kamalion OC Quadrio      Praha 1      CZ",15.31,,Posted
"XXXXXX7703",1/20/2026,,"FOREIGN CURRENCY FEE",.07,,Posted
"XXXXXX7703",1/20/2026,,"FOREIGN CURRENCY FEE",.33,,Posted
"XXXXXX7703",1/20/2026,,"FOREIGN CURRENCY FEE",.27,,Posted
"XXXXXX7703",1/20/2026,,"FOREIGN CURRENCY FEE",.43,,Posted
"XXXXXX7703",1/20/2026,,"FOREIGN CURRENCY FEE",1.44,,Posted
"XXXXXX7703",1/20/2026,,"FOREIGN CURRENCY FEE",.64,,Posted
"XXXXXX7703",1/20/2026,,"FOREIGN CURRENCY FEE",2.10,,Posted
"XXXXXX7703",1/20/2026,,"FOREIGN CURRENCY FEE",.34,,Posted
"XXXXXX7703",1/20/2026,,"FOREIGN CURRENCY FEE",.45,,Posted
"XXXXXX7703",1/18/2026,,"ASTROBIN LITE            BELLINZONA   CH",22.50,,Posted
"XXXXXX7703",1/18/2026,,"WWW.HOSTELWORLD.COM      DUBLIN       IE",13.81,,Posted
"XXXXXX7703",1/18/2026,,"FOREIGN CURRENCY FEE",.41,,Posted
"XXXXXX7703",1/16/2026,,"TRENITALIA - PT WL       https://www.tIT",4.72,,Posted
"XXXXXX7703",1/16/2026,,"FOREIGN CURRENCY FEE",.14,,Posted
"XXXXXX7703",1/13/2026,,"WWW.HOSTELWORLD.COM      DUBLIN       IE",8.17,,Posted
"XXXXXX7703",1/13/2026,,"EXPEDIA 73348643328483   EXPEDIA.COM  WA",49.52,,Posted
"XXXXXX7703",1/11/2026,,"Hera Hora di ElHassan    Padova       IT",9.33,,Posted
"XXXXXX7703",1/11/2026,,"FOREIGN CURRENCY FEE",.27,,Posted
"XXXXXX7703",1/7/2026,,"INTELLIGHENZIA PROJECT   PADOVA       IT",17.62,,Posted
"XXXXXX7703",1/7/2026,,"FOREIGN CURRENCY FEE",.52,,Posted
"XXXXXX7703",1/2/2026,,"ELECTRONIC PMT-THANK YOU RALEIGH      NC",,34.60,Posted
"XXXXXX7703",1/2/2026,,"ELECTRONIC PMT-THANK YOU RALEIGH      NC",,74.79,Posted
"XXXXXX7703",12/22/2025,,"TOKIO                5727COLONIA LOS TAV",39.02,,Posted
"XXXXXX7703",12/22/2025,,"FOREIGN CURRENCY FEE",1.17,,Posted
"XXXXXX7703",12/13/2025,,"AMZN Mktp IT*ZE81730E4   AMAZON.IT    LU",150.27,,Posted
"XXXXXX7703",11/17/2025,,"AMZN Mktp IT*1I1B85SX5   AMAZON.IT    LU",28.53,,Posted
"XXXXXX7703",11/6/2025,,"AIRBNB * HMMJ59TBF3      128-520-3333 LU",64.48,,Posted
"XXXXXX7703",11/6/2025,,"FOREIGN CURRENCY FEE",1.93,,Posted
"XXXXXX7703",11/2/2025,,"STEAMGAMES.COM 4259522985425-8899642  WA",10.69,,Posted
"XXXXXX7703",10/21/2025,,"SumUp  *STEAMPOWER INN   VERONA       IT",9.34,,Posted
"XXXXXX7703",10/21/2025,,"FOREIGN CURRENCY FEE",.28,,Posted
"XXXXXX7703",10/15/2025,,"GRUPPO ARGENTA S.P.A.    REGGIO EMILIAIT",.46,,Posted
"XXXXXX7703",10/15/2025,,"FOREIGN CURRENCY FEE",.01,,Posted
"XXXXXX7703",10/10/2025,,"FS *SUPERCELLSTORE       fsprg.com    CA",5.34,,Posted
"XXXXXX7703",10/7/2025,,"TRENITALIA - PT WL       https://www.tIT",42.24,,Posted
"XXXXXX7703",10/7/2025,,"FOREIGN CURRENCY FEE",1.26,,Posted
"XXXXXX7703",10/2/2025,,"FS *SUPERCELLSTORE       fsprg.com    CA",22.44,,Posted
"XXXXXX7703",10/1/2025,,"ELECTRONIC PMT-THANK YOU RALEIGH      NC",,272.68,Posted
"XXXXXX7703",10/1/2025,,"ELECTRONIC PMT-THANK YOU RALEIGH      NC",,302.67,Posted
"XXXXXX7703",9/23/2025,,"FISHSKYN                 914-420- CREDIT",,29.99,Posted
"XXXXXX7703",9/16/2025,,"SHELL OIL 57544553100    CHAPEL HILL  NC",39.32,,Posted
"XXXXXX7703",9/15/2025,,"FOOD LION #1608          CHAPEL HILL  NC",8.01,,Posted
"XXXXXX7703",9/13/2025,,"AMAZON RETA* 0N5M282A3   WWW.AMAZON.COWA",10.05,,Posted
"XXXXXX7703",9/11/2025,,"MR TOKYO JAPANESE RESTA. CHAPEL HILL  NC",38.00,,Posted
"XXXXXX7703",9/8/2025,,"FISHSKYN                 914-420-7033 UT",68.79,,Posted
"XXXXXX7703",9/8/2025,,"B&amp;H PHOTO 800-606-6969   800-2215743  NY",144.40,,Posted
"XXXXXX7703",9/3/2025,,"JIFFY LUBE #1326         CHAPEL HILL  NC",13.60,,Posted
"XXXXXX7703",9/1/2025,,"ELECTRONIC PMT-THANK YOU RALEIGH      NC",,218.18,Posted
"XXXXXX7703",9/1/2025,,"ELECTRONIC PMT-THANK YOU RALEIGH      NC",,19.50,Posted
"XXXXXX7703",8/27/2025,,"RIPTIDE-DURHAM           DURHAM       NC",17.00,,Posted
"XXXXXX7703",8/26/2025,,"AMAZON RETA* 1422W1BB3   WWW.AMAZON.COWA",16.05,,Posted
"XXXXXX7703",8/26/2025,,"AMAZON MKTPL*FS1LN0WB3   Amzn.com/billWA",14.43,,Posted
"XXXXXX7703",8/25/2025,,"SHELL OIL 57544553100    CHAPEL HILL  NC",48.00,,Posted
"XXXXXX7703",8/22/2025,,"AMAZON MKTPL*XT52Z6G03   Amzn.com/billWA",18.18,,Posted
"XXXXXX7703",8/20/2025,,"CIRCLE K # 23489         DURHAM       NC",40.00,,Posted
"XXXXXX7703",8/20/2025,,"FOOD LION #1608          CHAPEL HILL  NC",23.63,,Posted
"XXXXXX7703",8/20/2025,,"WL *STEAM PURCHASE       425-889-9642 WA",21.39,,Posted
"XXXXXX7703",8/16/2025,,"SHERWIN-WILLIAMS702934   DURHAM       NC",194.44,,Posted
"XXXXXX7703",8/15/2025,,"AMAZON MKTPL*FD97B46U3   Amzn.com/billWA",25.24,,Posted
"XXXXXX7703",8/12/2025,,"AMAZON MKTPL*657RJ6ME3   Amzn.com/billWA",25.30,,Posted
"XXXXXX7703",8/7/2025,,"STEAMGAMES.COM 4259522985425-8899642  WA",10.69,,Posted
"XXXXXX7703",8/1/2025,,"ELECTRONIC PMT-THANK YOU RALEIGH      NC",,1207.86,Posted
"XXXXXX7703",8/1/2025,,"ELECTRONIC PMT-THANK YOU RALEIGH      NC",,286.74,Posted
"XXXXXX7703",7/30/2025,,"GOLDEN DRAGON RESTAURANT RALEIGH      NC",11.57,,Posted
"XXXXXX7703",7/30/2025,,"SHELL OIL 57544553100    CHAPEL HILL  NC",39.00,,Posted
"XXXXXX7703",7/29/2025,,"AMAZON RETA* K96LR9PD3   WWW.AMAZON.COWA",851.32,,Posted
"XXXXXX7703",7/29/2025,,"ADVANCE AUTO PARTS #8459 CHAPEL HILL  NC",69.80,,Posted
"XXXXXX7703",7/14/2025,,"HERTZ                6938SALTA        AV",32.01,,Posted
"XXXXXX7703",7/14/2025,,"HERTZ                6938SALTA        AV",98.55,,Posted
"XXXXXX7703",7/14/2025,,"FOREIGN CURRENCY FEE",.96,,Posted
"XXXXXX7703",7/14/2025,,"FOREIGN CURRENCY FEE",2.95,,Posted
"XXXXXX7703",7/9/2025,,"Prime Video *NL74Y7TY1   888-802-3080 WA",4.27,,Posted
"XXXXXX7703",7/9/2025,,"2ND KITCHENS RD AIRPORT  MORRISVILLE  NC",16.98,,Posted
"XXXXXX7703",7/8/2025,,"161 PCA Garage - T       Atlanta      GA",5.00,,Posted
"XXXXXX7703",7/8/2025,,"PILOT 063                PIEDMONT     SC",17.17,,Posted
"XXXXXX7703",7/7/2025,,"BP#6462758TIMES #31      CHARLOTTE    NC",14.15,,Posted
"XXXXXX7703",7/7/2025,,"BP#6462758TIMES #31      CHARLOTTE    NC",40.05,,Posted
"XXXXXX7703",7/7/2025,,"CVS/PHARMACY #04391      DURHAM       NC",32.21,,Posted
"XXXXXX7703",7/1/2025,,"ELECTRONIC PMT-THANK YOU RALEIGH      NC",,64.10,Posted
"XXXXXX7703",7/1/2025,,"FS *SUPERCELLSTORE       fsprg.com    CA",22.44,,Posted
"XXXXXX7703",6/28/2025,,"COLLEGE TRANSCRIPT       clover.com   VA",15.90,,Posted
"XXXXXX7703",6/25/2025,,"TST*SANDPIPER COFFEE     Bald Head IslNC",13.69,,Posted
"XXXXXX7703",6/21/2025,,"MEADOWMONT               CHAPEL HILL  NC",41.57,,Posted
"XXXXXX7703",6/20/2025,,"SHELL OIL 57544498306    ASHEVILLE    NC",38.22,,Posted
"XXXXXX7703",6/20/2025,,"NCSU TRANS AIMS-BF       www.ex.com   NC",15.00,,Posted
"XXXXXX7703",6/17/2025,,"SQ *POLLEN COFFEE &amp; FLOWEAsheville    NC",4.82,,Posted
"XXXXXX7703",6/17/2025,,"SQ *POLLEN COFFEE &amp; FLOWEAsheville    NC",8.56,,Posted
"XXXXXX7703",6/17/2025,,"SQ *POLLEN COFFEE &amp; FLOWEAsheville    NC",8.02,,Posted
"XXXXXX7703",6/15/2025,,"FOOD LION #1608          CHAPEL HILL  NC",22.11,,Posted
"XXXXXX7703",6/14/2025,,"TST* VELVET HIPPO - NEW  919-294-4447 NC",15.05,,Posted
"XXXXXX7703",6/11/2025,,"TASTE VIETNAMESE CUISINE MORRISVILLE  NC",115.00,,Posted
"XXXXXX7703",6/10/2025,,"NCSU T2 PAYSTATION       RALEIGH      NC",3.00,,Posted
"XXXXXX7703",6/1/2025,,"ELECTRONIC PMT-THANK YOU RALEIGH      NC",,236.84,Posted
"XXXXXX7703",6/1/2025,,"ELECTRONIC PMT-THANK YOU RALEIGH      NC",,236.84,Posted
"XXXXXX7703",5/5/2025,,"SNCF VOYAGEURS           ROISSY       FR",36.31,,Posted
"XXXXXX7703",5/5/2025,,"FOREIGN CURRENCY FEE",1.08,,Posted
"XXXXXX7703",5/3/2025,,"THECARPARK PARKMOBILE APP919-8337522  NC",8.95,,Posted
"XXXXXX7703",5/2/2025,,"TARGET        00020693   DURHAM       NC",100.34,,Posted
"XXXXXX7703",5/1/2025,,"ELECTRONIC PMT-THANK YOU RALEIGH      NC",,1283.36,Posted
"XXXXXX7703",5/1/2025,,"SHELL OIL 57544553100    CHAPEL HILL  NC",19.26,,Posted
"XXXXXX7703",5/1/2025,,"SHELL OIL 57544553100    CHAPEL HILL  NC",17.01,,Posted
"XXXXXX7703",4/30/2025,,"NCSU T2 PAYSTATION       RALEIGH      NC",7.00,,Posted
"XXXXXX7703",4/30/2025,,"AMAZON PRIME*NB3C35SG2   Amzn.com/billWA",8.03,,Posted
"XXXXXX7703",4/30/2025,,"EXXON HH 60              RALEIGH      NC",38.86,,Posted
"XXXXXX7703",4/28/2025,,"GRUBHUB CAMPUS DINING    8888275055   CA",10.37,,Posted
"XXXXXX7703",4/26/2025,,"SQ *CUP A JOE HILLSBOROUGRaleigh      NC",9.33,,Posted
"XXXXXX7703",4/25/2025,,"ALDI 66110               DURHAM       NC",17.61,,Posted
"XXXXXX7703",4/21/2025,,"EXXON HH 90              RALEIGH      NC",40.15,,Posted
"XXXXXX7703",4/20/2025,,"WWW.HOSTELWORLD.COM      DUBLIN       IE",44.36,,Posted
"XXXXXX7703",4/20/2025,,"JADE GARDEN              ROCKY POINT  NC",12.29,,Posted
"XXXXXX7703",4/20/2025,,"EXXON HH 60              RALEIGH      NC",28.93,,Posted
"XXXXXX7703",4/20/2025,,"BALD HEAD ISLAND FERRY   191-04575003 NC",46.00,,Posted
"XXXXXX7703",4/17/2025,,"NCSU T2 PAYSTATION       RALEIGH      NC",5.00,,Posted
"XXXXXX7703",4/16/2025,,"365 MARKET FP            TROY         MI",6.98,,Posted
"XXXXXX7703",4/15/2025,,"Eurail                   Utrecht      NL",569.00,,Posted
"XXXXXX7703",4/12/2025,,"UCD APPLICATIONS         DUBLIN 4     IE",68.83,,Posted
"XXXXXX7703",4/12/2025,,"EXXON HH 60              RALEIGH      NC",37.23,,Posted
"XXXXXX7703",4/12/2025,,"EXXON HH 60              RALEIGH      NC",22.01,,Posted
"XXXXXX7703",4/12/2025,,"FOREIGN CURRENCY FEE",2.06,,Posted
"XXXXXX7703",4/9/2025,,"INTUIT *TURBOTAX         CL.INTUIT.COMCA",278.00,,Posted
"XXXXXX7703",4/6/2025,,"SQ *CUP A JOE HILLSBOROUGRaleigh      NC",8.17,,Posted
"XXXXXX7703",4/4/2025,,"HIBACHI AND BUBBLE       JAMESTOWN    NC",24.82,,Posted
"XXXXXX7703",4/2/2025,,"SHELL OIL 53236000039    HIGH POINT   NC",37.52,,Posted
"XXXXXX7703",4/2/2025,,"TACO BELL 039606         HIGH POINT   NC",14.70,,Posted
"XXXXXX7703",4/1/2025,,"ELECTRONIC PMT-THANK YOU RALEIGH      NC",,434.92,Posted
"XXXXXX7703",3/26/2025,,"WL *Steam Purchase       425-9522985  WA",10.20,,Posted
"XXXXXX7703",3/25/2025,,"SQ *CUP A JOE HILLSBOROUGRaleigh      NC",3.24,,Posted
"XXXXXX7703",3/23/2025,,"SQ *CUP A JOE HILLSBOROUGRaleigh      NC",6.63,,Posted
"XXXXXX7703",3/23/2025,,"SQ *CUP A JOE HILLSBOROUGRaleigh      NC",3.79,,Posted
"XXXXXX7703",3/13/2025,,"DUKE FAMILY MEDICINE     DURHAM       NC",20.00,,Posted
"XXXXXX7703",3/12/2025,,"SQ *CUP A JOE HILLSBOROUGRaleigh      NC",3.52,,Posted
"XXXXXX7703",3/11/2025,,"SQ *CUP A JOE HILLSBOROUGRaleigh      NC",5.63,,Posted
"XXXXXX7703",3/4/2025,,"WL *STEAM PURCHASE       425-889-9642 WA",25.00,,Posted
"XXXXXX7703",3/3/2025,,"STEAMGAMES.COM 4259522985425-8899642  WA",100.00,,Posted
"XXXXXX7703",3/3/2025,,"STEAMGAMES.COM 4259522985425-8899642  WA",5.00,,Posted
"XXXXXX7703",3/3/2025,,"STEAMGAMES.COM 4259522985425-8899642  WA",10.00,,Posted
"XXXXXX7703",3/3/2025,,"STEAMGAMES.COM 4259522985425-8899642  WA",10.00,,Posted
"XXXXXX7703",3/2/2025,,"BALD HEAD ISLAND LIMITED SOUTHPORT    NC",26.00,,Posted
"XXXXXX7703",3/2/2025,,"FOOD LION #0649          RALEIGH      NC",3.36,,Posted
"XXXXXX7703",3/2/2025,,"EXXON HH 90              RALEIGH      NC",41.96,,Posted
"XXXXXX7703",3/1/2025,,"ELECTRONIC PMT-THANK YOU RALEIGH      NC",,112.07,Posted
"XXXXXX7703",3/1/2025,,"BALD HEAD ISLAND FERRY   191-04575003 NC",138.00,,Posted
"XXXXXX7703",2/28/2025,,"AIAA REGION 2 STUDENT CON678-561-2422 AL",125.00,,Posted
"XXXXXX7703",2/28/2025,,"EXXON HH 60              RALEIGH      NC",22.59,,Posted
"XXXXXX7703",2/21/2025,,"REFUND FINANCE CHARGE - PURCHASE",,12.93,Posted
"XXXXXX7703",2/20/2025,,"ELECTRONIC PMT-THANK YOU RALEIGH      NC",,1306.56,Posted
"XXXXXX7703",2/19/2025,,"Interest Charge on Purchases",12.93,,Posted
"XXXXXX7703",2/16/2025,,"EXXON HH 60              RALEIGH      NC",41.72,,Posted
"XXXXXX7703",2/8/2025,,"SHELL OIL 57544553100    CHAPEL HILL  NC",39.60,,Posted
"XXXXXX7703",2/7/2025,,"FS *SUPERCELLSTORE       fsprg.com    CA",5.34,,Posted
"XXXXXX7703",2/4/2025,,"AIR FRANCE  0572332437036AIRFRANCE.COMNY",640.81,,Posted
"XXXXXX7703",2/3/2025,,"NCSU TRANS AIMS-BF       www.ex.com   NC",6.00,,Posted
"XXXXXX7703",2/3/2025,,"AIAA INSTITUTE STORE     703-264-7562 VA",33.00,,Posted
"XXXXXX7703",2/1/2025,,"FS *SUPERCELLSTORE       fsprg.com    CA",29.92,,Posted
"XXXXXX7703",1/29/2025,,"AMAZON MKTPL*ZC5WL5OV1   Amzn.com/billWA",16.08,,Posted
"XXXXXX7703",1/26/2025,,"EXXON HH 60              RALEIGH      NC",38.87,,Posted
"XXXXXX7703",1/20/2025,,"AMAZON RETA* Z51C83HB1   WWW.AMAZON.COWA",84.53,,Posted
"XXXXXX7703",1/18/2025,,"ASTROBIN LITE            BELLINZONA   CH",22.50,,Posted
"XXXXXX7703",1/18/2025,,"EXXON HH 60              RALEIGH      NC",38.73,,Posted
"XXXXXX7703",1/17/2025,,"AMAZON MKTPL*Z52TS9FL1   Amzn.com/billWA",83.68,,Posted
"XXXXXX7703",1/5/2025,,"SHELL OIL 57544553100    CHAPEL HILL  NC",37.41,,Posted
"XXXXXX7703",1/2/2025,,"ELECTRONIC PMT-THANK YOU RALEIGH      NC",,228.48,Posted
"XXXXXX7703",1/2/2025,,"SP LTT STORE             SURREY       CD",175.44,,Posted
"XXXXXX7703",12/29/2024,,"SNOW.COM/VAIL RESORTS SKI888-838-0495 CO",101.00,,Posted
"XXXXXX7703",12/28/2024,,"SNOW.COM/VAIL RESORTS SKI888-838-0495 CO",101.00,,Posted
"XXXXXX7703",12/27/2024,,"AMAZON MKTPL*ZE71U0R32   Amzn.com/billWA",159.43,,Posted
"XXXXXX7703",12/27/2024,,"WILLI'S SKI SHOP  SEVEN  CHAMPION     PA",26.50,,Posted
"XXXXXX7703",12/26/2024,,"AMAZON MKTPL*ZE1PK7ES0   Amzn.com/billWA",37.45,,Posted
"XXXXXX7703",12/26/2024,,"COOK OUT HARRISONBURG    HARRISONBURG VA",12.51,,Posted
"XXXXXX7703",12/24/2024,,"PLAYITAGAINSP #11614     DURHAM       NC",107.48,,Posted
"XXXXXX7703",12/23/2024,,"AMAZON MKTPL*Z93A25XP1   Amzn.com/billWA",26.59,,Posted
"XXXXXX7703",12/20/2024,,"AMAZON MKTPL*Z11QS2YE1   Amzn.com/billWA",26.74,,Posted
"XXXXXX7703",12/19/2024,,"SP NOVIUM DESIGN         HTTPSNOVIUMDETX",89.10,,Posted
"XXXXXX7703",12/15/2024,,"CIRCLE K # 23102         CHAPEL HILL  NC",29.26,,Posted
"XXXXXX7703",12/12/2024,,"TST* FARMSIDE KITCHEN    DURHAM       NC",12.31,,Posted
"XXXXXX7703",12/12/2024,,"APPLE.COM/BILL           866-712-7753 CA",5.34,,Posted
"XXXXXX7703",12/5/2024,,"APPLE.COM/BILL           866-712-7753 CA",7.48,,Posted
"XXXXXX7703",12/2/2024,,"AMAZON RETA* ZL1XA31G0   WWW.AMAZON.COWA",42.89,,Posted
"XXXXXX7703",12/2/2024,,"APPLE.COM/BILL           866-712-7753 CA",5.34,,Posted
"XXXXXX7703",12/1/2024,,"ELECTRONIC PMT-THANK YOU RALEIGH      NC",,602.32,Posted
"XXXXXX7703",12/1/2024,,"ELECTRONIC PMT-THANK YOU RALEIGH      NC",,702.02,Posted
"XXXXXX7703",12/1/2024,,"EXXON REFUEL 112         CHAPEL HILL  NC",40.38,,Posted
"XXXXXX7703",11/24/2024,,"BALD HEAD ISLAND LIMITED SOUTHPORT    NC",24.00,,Posted
"XXXXXX7703",11/22/2024,,"TARGET        00020693   DURHAM       NC",33.31,,Posted
"XXXXXX7703",11/22/2024,,"SHELL OIL 53221920134    DURHAM       NC",42.39,,Posted
"XXXXXX7703",11/18/2024,,"DAVIDS DUMPLING &amp; NOODLE RALEIGH      NC",45.00,,Posted
"XXXXXX7703",11/18/2024,,"INSOMNIA COOKIES-RALEI   RALEIGH      NC",12.18,,Posted
"XXXXXX7703",11/17/2024,,"NEW YORK BAGEL AND DELI  CARY         NC",15.99,,Posted
"XXXXXX7703",11/9/2024,,"AMAZON MKTPL*LQ15K10A3   Amzn.com/billWA",35.65,,Posted
"XXXXXX7703",11/7/2024,,"APPLE.COM/BILL           866-712-7753 CA",7.48,,Posted
"XXXXXX7703",11/7/2024,,"AMZN Mktp US*OV6E49LB3   Amzn.com/billWA",563.06,,Posted
"XXXXXX7703",11/3/2024,,"EXXON HH 60              RALEIGH      NC",40.59,,Posted
"XXXXXX7703",11/3/2024,,"FOOD LION #1454          RALEIGH      NC",29.53,,Posted
"XXXXXX7703",11/3/2024,,"TST*SUSHI NINE - RALEIGH Raleigh      NC",31.39,,Posted
"XXXXXX7703",11/1/2024,,"ELECTRONIC PMT-THANK YOU RALEIGH      NC",,178.55,Posted
"XXXXXX7703",11/1/2024,,"ELECTRONIC PMT-THANK YOU RALEIGH      NC",,290.49,Posted
"XXXXXX7703",10/24/2024,,"SQ *CHUBBY?S TACOS (RALEIRaleigh      NC",11.10,,Posted
"XXXXXX7703",10/23/2024,,"WL *Steam Purchase       425-9522985  WA",10.00,,Posted
"XXXXXX7703",10/22/2024,,"STEAMGAMES.COM 4259522985425-8899642  WA",25.00,,Posted
"XXXXXX7703",10/22/2024,,"STEAMGAMES.COM 4259522985425-8899642  WA",5.00,,Posted
"XXXXXX7703",10/22/2024,,"CHICK-FIL-A #02850       RALEIGH      NC",13.20,,Posted
"XXXXXX7703",10/20/2024,,"HARRIS TEETER #0118      HOLLY SPRINGSNC",6.41,,Posted
"XXXXXX7703",10/20/2024,,"EXXON HH 60              RALEIGH      NC",41.23,,Posted
"XXXXXX7703",10/14/2024,,"BALD HEAD ISLAND LIMITED SOUTHPORT    NC",36.00,,Posted
"XXXXXX7703",10/14/2024,,"TARGET        00020693   DURHAM       NC",45.12,,Posted
"XXXXXX7703",10/14/2024,,"EXXON SUNNY POINT TIGE   SOUTHPORT    NC",25.63,,Posted
"XXXXXX7703",10/14/2024,,"FOOD LION #1454          RALEIGH      NC",31.33,,Posted
"XXXXXX7703",10/11/2024,,"FS *SUPERCELLSTORE       fsprg.com    CA",5.34,,Posted
"XXXXXX7703",10/7/2024,,"ELECTRONIC PMT-THANK YOU RALEIGH      NC",,164.23,Posted
"XXXXXX7703",10/7/2024,,"EXXON HH 60              RALEIGH      NC",35.13,,Posted
"XXXXXX7703",10/1/2024,,"ELECTRONIC PMT-THANK YOU RALEIGH      NC",,30.03,Posted
"XXXXXX7703",9/30/2024,,"AMAZON MKTPL*8R6HG0HH3   Amzn.com/billWA",9.31,,Posted
"XXXXXX7703",9/28/2024,,"NCSU T2 PAYSTATION       RALEIGH      NC",7.00,,Posted
"XXXXXX7703",9/23/2024,,"EXXON HH 60              RALEIGH      NC",42.11,,Posted
"XXXXXX7703",9/22/2024,,"BALD HEAD ISLAND LIMITED SOUTHPORT    NC",36.00,,Posted
"XXXXXX7703",9/21/2024,,"APPLE.COM/BILL           866-712-7753 CA",3.20,,Posted
"XXXXXX7703",9/20/2024,,"BALD HEAD ISLAND FERRY   191-04575003 NC",23.00,,Posted
"XXXXXX7703",9/20/2024,,"EXXON HH 60              RALEIGH      NC",33.83,,Posted
"XXXXXX7703",9/20/2024,,"BOJANGLES 49             WALLACE      NC",9.78,,Posted
"XXXXXX7703",9/17/2024,,"APPLE.COM/BILL           866-712-7753 CA",3.20,,Posted
"XXXXXX7703",9/17/2024,,"AMAZON MKTPL*MB51T5IE3   Amzn.com/billWA",13.93,,Posted
"XXXXXX7703",9/9/2024,,"REFUND FINANCE CHARGE - PURCHASE",,11.78,Posted
"XXXXXX7703",9/8/2024,,"ELECTRONIC PMT-THANK YOU RALEIGH      NC",,960.48,Posted
"XXXXXX7703",9/2/2024,,"EXXON HH 60              RALEIGH      NC",41.53,,Posted
"XXXXXX7703",8/31/2024,,"NCSU T2 PAYSTATION       RALEIGH      NC",9.00,,Posted
"XXXXXX7703",8/26/2024,,"WALMART.COM",,45.73,Posted
"XXXXXX7703",8/20/2024,,"TST*GUGLHUPF RESTAURANT  Durham       NC",19.88,,Posted
"XXXXXX7703",8/19/2024,,"Interest Charge on Purchases",11.78,,Posted
"XXXXXX7703",8/18/2024,,"TARGET        00020693   DURHAM       NC",27.91,,Posted
"XXXXXX7703",8/18/2024,,"BEST BUY MHT  00010512   DURHAM       NC",19.31,,Posted
"XXXXXX7703",8/17/2024,,"OFFICE DEPOT #2698       RALEIGH      NC",28.90,,Posted
"XXXXXX7703",8/14/2024,,"KOHLS FROZEN CUSTARD     WRITSVLLE BCHNC",7.49,,Posted
"XXXXXX7703",8/14/2024,,"INDOCHINE RESTAURANT     910-2001319  NC",32.00,,Posted
"XXXXXX7703",8/12/2024,,"FOOD LION #0910          HAMPSTEAD    NC",8.83,,Posted
"XXXXXX7703",8/10/2024,,"FS *SUPERCELLSTORE       fsprg.com    CA",50.21,,Posted
"XXXXXX7703",8/10/2024,,"MEADOWMONT               CHAPEL HILL  NC",47.65,,Posted
"XXXXXX7703",7/25/2024,,"WALMART.COM              800-925-6278 AR",45.73,,Posted
"XXXXXX7703",7/25/2024,,"BOJANGLES 719 OLO        olo.com      NC",14.56,,Posted
"XXXXXX7703",7/22/2024,,"AMZN Mktp US*RJ8EZ7NF1   Amzn.com/billWA",50.27,,Posted
"XXXXXX7703",7/21/2024,,"BALD HEAD ISLAND LIMITED SOUTHPORT    NC",48.00,,Posted
"XXXXXX7703",7/21/2024,,"CITGO TIGER MART 8       WARSAW       NC",37.31,,Posted
"XXXXXX7703",7/21/2024,,"COOK OUT WARSAW.         WARSAW       NC",29.65,,Posted
"XXXXXX7703",7/18/2024,,"BALD HEAD ISLAND FERRY   191-04575003 NC",23.00,,Posted
"XXXXXX7703",7/17/2024,,"SHELL OIL 57544553100    CHAPEL HILL  NC",45.24,,Posted
"XXXXXX7703",7/17/2024,,"FOOD LION #1608          CHAPEL HILL  NC",8.14,,Posted
"XXXXXX7703",7/16/2024,,"HAWKERSASIANSTREETFOOD   HTTPSEATHAWKENC",55.91,,Posted
"XXXXXX7703",7/15/2024,,"TST* MIDWAY COFFEE - BALDBALD HEAD ISLNC",42.61,,Posted
"XXXXXX7703",7/15/2024,,"WHOLEFDS RAL 10016       RALEIGH      NC",12.85,,Posted
"XXXXXX7703",7/14/2024,,"CIRCLE K # 20467         SOUTHPORT    NC",31.21,,Posted
"XXXXXX7703",7/13/2024,,"APPLE.COM/BILL           866-712-7753 CA",5.34,,Posted
"XXXXXX7703",7/12/2024,,"MARITIME MARKET          BALD HEAD ISLNC",18.44,,Posted
"XXXXXX7703",7/11/2024,,"BALD HEAD ISLAND FERRY   191-04575003 NC",46.00,,Posted
"XXXXXX7703",7/10/2024,,"SHELL OIL 57544553100    CHAPEL HILL  NC",48.29,,Posted
"XXXXXX7703",7/10/2024,,"BOJANGLES #13            WARSAW       NC",22.66,,Posted
"XXXXXX7703",7/6/2024,,"DOLLAR GENERAL #23872    NORLINA      NC",30.50,,Posted
"XXXXXX7703",7/5/2024,,"CHICK-FIL-A #03490       DURHAM       NC",23.84,,Posted
"XXXXXX7703",7/5/2024,,"MEADOWMONT               CHAPEL HILL  NC",39.73,,Posted
"XXXXXX7703",7/5/2024,,"APPLE.COM/BILL           800-275-2273 CA",7.48,,Posted
"XXXXXX7703",7/4/2024,,"APPLE.COM/BILL           866-712-7753 CA",5.34,,Posted
"XXXXXX7703",6/30/2024,,"ELECTRONIC PMT-THANK YOU RALEIGH      NC",,694.55,Posted
"XXXXXX7703",6/30/2024,,"SUNOCO 0752356600        BRACEY       VA",34.30,,Posted
"XXXXXX7703",6/26/2024,,"HARRIS TEETER #172       DURHAM       NC",44.24,,Posted
"XXXXXX7703",6/25/2024,,"AMC 9640 ONLINE          888-440-4262 KS",31.56,,Posted
"XXXXXX7703",6/23/2024,,"CARIBOU COFFEE CO #308   CHAPEL HILL  NC",5.90,,Posted
"XXXXXX7703",6/22/2024,,"FOOD LION #1608          CHAPEL HILL  NC",5.09,,Posted
"XXXXXX7703",6/22/2024,,"FOOD LION #1608          CHAPEL HILL  NC",8.66,,Posted
"XXXXXX7703",6/20/2024,,"SHELL OIL 57544553100    CHAPEL HILL  NC",46.31,,Posted
"XXXXXX7703",6/20/2024,,"365 MARKET FP            TROY         MI",7.05,,Posted
"XXXXXX7703",6/20/2024,,"FOOD LION #1608          CHAPEL HILL  NC",21.81,,Posted
"XXXXXX7703",6/15/2024,,"HONK PARKING             866-675-7337 DE",10.65,,Posted
"XXXXXX7703",6/14/2024,,"AMAZON MKTPL*EH91U86B3   Amzn.com/billWA",13.88,,Posted
"XXXXXX7703",6/13/2024,,"SP BAMBA SWIM INTERN     SINGAPORE    SG",148.20,,Posted
"XXXXXX7703",6/11/2024,,"SHELL OIL 53221920134    DURHAM       NC",42.11,,Posted
"XXXXXX7703",6/9/2024,,"BALD HEAD ISLAND LIMITED SOUTHPORT    NC",24.00,,Posted
"XXXXXX7703",6/9/2024,,"COOK OUT WARSAW.         WARSAW       NC",11.75,,Posted
"XXXXXX7703",6/9/2024,,"BOJANGLES #13            WARSAW       NC",10.85,,Posted
"XXXXXX7703",6/8/2024,,"TST* SANDPIPER COFFEE    Bald Head IslNC",5.87,,Posted
"XXXXXX7703",6/8/2024,,"MIKES BITES              BALD HEAD ISLNC",15.50,,Posted
"XXXXXX7703",6/7/2024,,"BALD HEAD ISLAND FERRY   BALDHEADISLANNC",46.00,,Posted
"XXXXXX7703",6/7/2024,,"EXXON VILLAGE STORE 41   WALLACE      NC",40.90,,Posted
"XXXXXX7703",6/6/2024,,"TST* HAWKERS ASIAN STREE Chapel Hill  NC",49.46,,Posted
"XXXXXX7703",6/5/2024,,"AMZN Mktp US*JF0TE8KJ3   Amzn.com/billWA",10.69,,Posted
"XXXXXX7703",6/3/2024,,"BALD HEAD ISLAND LIMITED SOUTHPORT    NC",24.00,,Posted
"XXXXXX7703",6/3/2024,,"EXXON HH 90              RALEIGH      NC",40.07,,Posted
"XXXXXX7703",6/2/2024,,"SHELL OIL 57544553100    CHAPEL HILL  NC",30.00,,Posted
"XXXXXX7703",5/31/2024,,"ELECTRONIC PMT-THANK YOU RALEIGH      NC",,315.93,Posted
"XXXXXX7703",5/28/2024,,"WINGSTOP 2043  OLO       olo.com      NC",37.89,,Posted
"XXXXXX7703",5/28/2024,,"SHELL OIL 53221920134    DURHAM       NC",42.23,,Posted
"XXXXXX7703",5/23/2024,,"TST* CLEAN JUICE - CHAPELCHAPEL HILL  NC",13.92,,Posted
"XXXXXX7703",5/21/2024,,"COOK OUT S ELLIOTT RD    CHAPEL HILL  NC",13.93,,Posted
"XXXXXX7703",5/20/2024,,"RESTAURANTE LA LUNA      PUNTARENAS   CR",101.27,,Posted
"XXXXXX7703",5/20/2024,,"BATSU GASTRO PUB         PEREZ ZELEDONCR",19.60,,Posted
"XXXXXX7703",5/20/2024,,"FORT LAUDERDALE AIRPOR   FORT LAUDERDAFL",17.40,,Posted
"XXXXXX7703",5/20/2024,,"FORT LAUDERDALE AIRPOR   FORT LAUDERDAFL",26.01,,Posted
"XXXXXX7703",5/20/2024,,"AMZN Mktp US*P152Z1EO3   Amzn.com/billWA",6.13,,Posted
"XXXXXX7703",5/20/2024,,"AMZN Mktp US*1J0XP6N83   Amzn.com/billWA",206.51,,Posted
"XXXXXX7703",5/20/2024,,"FOREIGN CURRENCY FEE",.58,,Posted
"XXXXXX7703",5/11/2024,,"AIRBNB  HMPMHQ28Q3       128-520- CREDIT",,256.25,Posted
"XXXXXX7703",5/7/2024,,"2ND KITCHENS RD AIRPORT  MORRISVILLE  NC",15.02,,Posted
"XXXXXX7703",5/6/2024,,"BALD HEAD ISLAND LIMITED SOUTHPORT    NC",12.00,,Posted
"XXXXXX7703",5/6/2024,,"FOOD LION #1608          CHAPEL HILL  NC",10.26,,Posted
"XXXXXX7703",5/4/2024,,"ELECTRONIC PMT-THANK YOU RALEIGH      NC",,552.59,Posted
"XXXXXX7703",5/4/2024,,"BEST BUY      00001602   DURHAM       NC",53.73,,Posted
"XXXXXX7703",5/4/2024,,"BEST BUY      00001602   DURHAM       NC",49.43,,Posted
"XXXXXX7703",5/4/2024,,"BEST BUY      00001602 DURHAM  NC CREDIT",,53.73,Posted
"XXXXXX7703",5/2/2024,,"EXXON HH 90              RALEIGH      NC",41.35,,Posted
"XXXXXX7703",4/30/2024,,"ELECTRONIC PMT-THANK YOU RALEIGH      NC",,694.73,Posted
"XXXXXX7703",4/29/2024,,"AIRBNB  HMPMHQ28Q3       AIRBNB.COM   CA",511.24,,Posted
"XXXXXX7703",4/21/2024,,"EXXON HH 90              RALEIGH      NC",42.61,,Posted
"XXXXXX7703",4/20/2024,,"WALLER FAMILY FARM       DURHAM       NC",9.32,,Posted
"XXXXXX7703",4/20/2024,,"SQ *THE SWEET TEA CAFE   Durham       NC",13.80,,Posted
"XXXXXX7703",4/20/2024,,"SQ *RUMORS BOUTIQUE      Chapel Hill  NC",36.55,,Posted
"XXXXXX7703",4/20/2024,,"MR TOKYO JAPANESE RESTA. CHAPEL HILL  NC",28.00,,Posted
"XXXXXX7703",4/18/2024,,"AIRBNB  HMSD4EJ4MM       AIRBNB.COM   CA",143.83,,Posted
"XXXXXX7703",4/14/2024,,"INTUIT *TURBOTAX         CL.INTUIT.COMCA",193.00,,Posted
"XXXXXX7703",4/14/2024,,"FUN SPICY HOT POT        RALEIGH      NC",22.94,,Posted
"XXXXXX7703",4/13/2024,,"EXXON REFUEL 112         CHAPEL HILL  NC",11.65,,Posted
"XXXXXX7703",4/13/2024,,"EXXON HH 90              RALEIGH      NC",34.98,,Posted
"XXXXXX7703",4/13/2024,,"10072 CAVA CHAPEL HILL   CHAPEL HILL  NC",11.88,,Posted
"XXXXXX7703",4/1/2024,,"EXXON HH 90              RALEIGH      NC",39.24,,Posted
"XXXXXX7703",4/1/2024,,"TST* SHIKI SUSHI         DURHAM       NC",60.00,,Posted
"XXXXXX7703",3/31/2024,,"ELECTRONIC PMT-THANK YOU RALEIGH      NC",,656.83,Posted
"XXXXXX7703",3/30/2024,,"DOMINO'S 8937            CHAPEL HILL  NC",21.33,,Posted
"XXXXXX7703",3/29/2024,,"DOMINO'S 8937            CHAPEL HILL  NC",25.60,,Posted
"XXXXXX7703",3/27/2024,,"AMZN Mktp US*9H6JU0P93   Amzn.com/billWA",80.25,,Posted
"XXXXXX7703",3/22/2024,,"MEADOWMONT               CHAPEL HILL  NC",47.00,,Posted
"XXXXXX7703",3/22/2024,,"TST* MONUTS - DURHAM     Durham       NC",38.70,,Posted
"XXXXXX7703",3/20/2024,,"AMZN Mktp US*R63T227T1   Amzn.com/billWA",32.16,,Posted
"XXXXXX7703",3/17/2024,,"FOSTERS MARKET           DURHAM       NC",27.13,,Posted
"XXXXXX7703",3/16/2024,,"AMAZON PRIME*R676Q0K82   888-802-3080 WA",3.20,,Posted
"XXXXXX7703",3/16/2024,,"AMAZON PRIME*R68UT8LU1   888-802-3080 WA",3.20,,Posted
"XXXXXX7703",3/16/2024,,"AMAZON PRIME*R61U52L41   888-802-3080 WA",3.20,,Posted
"XXXXXX7703",3/15/2024,,"NEW HOPE MARKET          CHAPEL HILL  NC",18.38,,Posted
"XXXXXX7703",3/15/2024,,"MEADOWMONT               CHAPEL HILL  NC",21.30,,Posted
"XXXXXX7703",3/14/2024,,"AMAZON RET* 114-205846   WWW.AMAZON.COWA",16.33,,Posted
"XXXXXX7703",3/13/2024,,"AMZN Mktp US*R659V4EH2   Amzn.com/billWA",20.37,,Posted
"XXXXXX7703",3/12/2024,,"TST* K-POT KOREAN BBQ ANDRALEIGH      NC",33.55,,Posted
"XXXXXX7703",3/4/2024,,"EXXON HH 90              RALEIGH      NC",43.31,,Posted
"XXXXXX7703",3/3/2024,,"BAILEY BEE SUPPLY        HILLSBOROUGH NC",155.88,,Posted
"XXXXXX7703",3/3/2024,,"SILVERSPOT CINEMA CHAPEL 919-357-9887 NC",37.16,,Posted
"XXXXXX7703",3/3/2024,,"THE HOME DEPOT #3620     DURHAM       NC",19.31,,Posted
"XXXXXX7703",3/2/2024,,"XSOLLA                   818-435-6613 CA",33.81,,Posted
"XXXXXX7703",3/1/2024,,"Prime Video *RZ47F9GP2   888-802-3080 WA",4.59,,Posted
"XXXXXX7703",2/29/2024,,"ELECTRONIC PMT-THANK YOU RALEIGH      NC",,836.26,Posted
"XXXXXX7703",2/28/2024,,"SHELL OIL 53221920134    DURHAM       NC",18.00,,Posted
"XXXXXX7703",2/26/2024,,"AIRBNB  HMPMHQ28Q3       AIRBNB.COM   CA",127.82,,Posted
"XXXXXX7703",2/26/2024,,"AIRBNB  HMSD4EJ4MM       AIRBNB.COM   CA",173.13,,Posted
"XXXXXX7703",2/26/2024,,"WL *Steam Purchase       425-9522985  WA",10.00,,Posted
"XXXXXX7703",2/26/2024,,"WL *Steam Purchase       425-9522985  WA",5.00,,Posted
"XXXXXX7703",2/24/2024,,"Prime Video *RW7TG6CF1   888-802-3080 WA",3.20,,Posted
"XXXXXX7703",2/24/2024,,"Prime Video *RW3AP8HE2   888-802-3080 WA",3.20,,Posted
"XXXXXX7703",2/24/2024,,"Prime Video *RW2GE2HI2   888-802-3080 WA",3.20,,Posted
"XXXXXX7703",2/21/2024,,"BAILEY BEE SUPPLY        HILLSBOROUGH NC",155.88,,Posted
"XXXXXX7703",2/18/2024,,"TST* HAWKERS ASIAN STREE Chapel Hill  NC",19.20,,Posted
"XXXXXX7703",2/17/2024,,"STEAMGAMES.COM 4259522985425-8899642  WA",50.00,,Posted
"XXXXXX7703",2/17/2024,,"NEW HOPE MARKET          CHAPEL HILL  NC",23.10,,Posted
"XXXXXX7703",2/17/2024,,"WILEY                    TNSI.COM     NJ",82.72,,Posted
"XXXXXX7703",2/14/2024,,"AMZN Mktp US*RI1L64D40   Amzn.com/billWA",10.71,,Posted
"XXXXXX7703",2/13/2024,,"EXXON HH 90              RALEIGH      NC",44.31,,Posted
"XXXXXX7703",2/3/2024,,"B&amp;B THEAT MORRISVILLE W14MORRISVILLE  NC",23.58,,Posted
"XXXXXX7703",2/2/2024,,"EXXON HH 90              RALEIGH      NC",43.11,,Posted
"XXXXXX7703",2/2/2024,,"AMERICAN BREWMASTER      RALEIGH      NC",10.67,,Posted
"XXXXXX7703",2/2/2024,,"CBBQ LAKE BOONE TRAIL C  RALEIGH      NC",30.28,,Posted
"XXXXXX7703",1/31/2024,,"ELECTRONIC PMT-THANK YOU RALEIGH      NC",,243.18,Posted
"XXXXXX7703",1/31/2024,,"AMZN Mktp US*R04XX0KF1   Amzn.com/billWA",17.15,,Posted
"XXXXXX7703",1/28/2024,,"SHEETZ 0568   00005686   WINSTON SALEMNC",6.74,,Posted
"XXXXXX7703",1/26/2024,,"KILWINS BLOWING ROCK1    BLOWING ROCK NC",24.14,,Posted
"XXXXXX7703",1/15/2024,,"WARAJI JAPANESE RESTAURA RALEIGH      NC",28.73,,Posted
"XXXXXX7703",1/14/2024,,"RED LOTUS                CHAPEL HILL  NC",18.87,,Posted
"XXXXXX7703",1/14/2024,,"TST* VENABLE             Carrboro     NC",46.00,,Posted
"XXXXXX7703",1/7/2024,,"TARGET        00032557   RALEIGH      NC",23.66,,Posted
"XXXXXX7703",1/6/2024,,"CIRCLE K # 23489         DURHAM       NC",36.07,,Posted
"XXXXXX7703",12/31/2023,,"ELECTRONIC PMT-THANK YOU RALEIGH      NC",,543.87,Posted
"XXXXXX7703",12/29/2023,,"MEADOWMONT               CHAPEL HILL  NC",42.84,,Posted
"XXXXXX7703",12/29/2023,,"NOODLES &amp; CO 851         DURHAM       NC",16.13,,Posted
"XXXXXX7703",12/28/2023,,"TARGET        00020693   DURHAM       NC",13.96,,Posted
"XXXXXX7703",12/28/2023,,"AMC ONLINE 9640          888-440-4262 KS",24.90,,Posted
"XXXXXX7703",12/26/2023,,"TST* GUASACA DURHAM      Durham       NC",16.33,,Posted
"XXXXXX7703",12/22/2023,,"SP MOUS                  HTTPSWWW.MOUSDE",55.63,,Posted
"XXXXXX7703",12/17/2023,,"SNOWSHOE THE DEPOT       SNOWSHOE     WV",253.56,,Posted
"XXXXXX7703",12/17/2023,,"SNOWSHOE EXPEDITION ST   SNOWSHOE     WV",32.40,,Posted
"XXXXXX7703",12/16/2023,,"SHEETZ 0514   00005140   LEXINGTON    VA",15.64,,Posted
"XXXXXX7703",12/16/2023,,"KROGER #404              LEXINGTON    VA",6.05,,Posted
"XXXXXX7703",12/15/2023,,"MEADOWMONT               CHAPEL HILL  NC",39.80,,Posted
"XXXXXX7703",12/15/2023,,"FOOD LION #1608          CHAPEL HILL  NC",12.50,,Posted
"XXXXXX7703",12/1/2023,,"#4 WAKE COUNTY ABC BOARD RALEIGH      NC",48.10,,Posted
"XXXXXX7703",12/1/2023,,"WL *Steam Purchase       425-9522985  WA",25.00,,Posted
"XXXXXX7703",11/30/2023,,"ELECTRONIC PMT-THANK YOU RALEIGH      NC",,1039.61,Posted
"XXXXXX7703",11/27/2023,,"SHELL OIL 57544553100    CHAPEL HILL  NC",45.39,,Posted
"XXXXXX7703",11/27/2023,,"WALMART.COM              800-966-6546 AR",557.69,,Posted
"XXXXXX7703",11/20/2023,,"AMZN Mktp US*AP84X5XW3   Amzn.com/billWA",13.93,,Posted
"XXXXXX7703",11/17/2023,,"AMZN MKTP US*3U2JL5OH3   SEATTLE      WA",182.22,,Posted
"XXXXXX7703",11/17/2023,,"FOOD LION #1454          RALEIGH      NC",45.82,,Posted
"XXXXXX7703",11/8/2023,,"SHELL OIL 53221920134    DURHAM       NC",43.01,,Posted
"XXXXXX7703",11/7/2023,,"AMZN Mktp US*AY1QE6SB3   Amzn.com/billWA",30.54,,Posted
"XXXXXX7703",11/7/2023,,"AMZN Mktp US*M92430P63   Amzn.com/billWA",25.73,,Posted
"XXXXXX7703",11/4/2023,,"ELMOS DINER              919-4163823  NC",34.00,,Posted
"XXXXXX7703",11/4/2023,,"VAGUELY REMINISCENT      DURHAM       NC",61.28,,Posted
"XXXXXX7703",10/31/2023,,"ELECTRONIC PMT-THANK YOU RALEIGH      NC",,107.06,Posted
"XXXXXX7703",10/26/2023,,"CANTEEN VENDING          DURHAM       NC",1.75,,Posted
"XXXXXX7703",10/26/2023,,"CANTEEN VENDING          DURHAM       NC",1.75,,Posted
"XXXXXX7703",10/25/2023,,"ELECTRONIC PMT-THANK YOU RALEIGH      NC",,1729.51,Posted
"XXXXXX7703",10/25/2023,,"SHELL OIL 53221920134    DURHAM       NC",45.51,,Posted
"XXXXXX7703",10/25/2023,,"FOOD LION #1573          RALEIGH      NC",45.18,,Posted
"XXXXXX7703",10/25/2023,,"Amazon.com*G17PV6XK3     Amzn.com/billWA",12.87,,Posted
"XXXXXX7703",10/21/2023,,"ELECTRONIC PMT-THANK YOU RALEIGH      NC",,53.00,Posted
"XXXXXX7703",10/21/2023,,"FOOD LION #1608          CHAPEL HILL  NC",12.21,,Posted
"XXXXXX7703",10/14/2023,,"BLOWING ROCK Q           BLOWING ROCK NC",36.96,,Posted
"XXXXXX7703",10/14/2023,,"TROY'S 105 DINER         BOONE        NC",36.00,,Posted
"XXXXXX7703",10/14/2023,,"SQ *THRIFT-SMITH-VINTAGE,Boone        NC",105.93,,Posted
"XXXXXX7703",10/14/2023,,"NEW RIVER BUILDING SUPPL BOONE        NC",33.28,,Posted
"XXXXXX7703",10/13/2023,,"THE ORCHARD AT ALTAPASS  SPRUCE PINE  NC",15.45,,Posted
"XXXXXX7703",10/13/2023,,"KILWINS BLOWING ROCK1    BLOWING ROCK NC",7.37,,Posted
"XXXXXX7703",10/12/2023,,"THE TOWN TAVERN OF BLOWINBLOWING ROCK NC",35.00,,Posted
"XXXXXX7703",10/12/2023,,"SPEEDWAY 7920 7206 VALLEYBLOWING ROCK NC",43.23,,Posted
"XXXXXX7703",10/11/2023,,"TST* SHIKI SUSHI         DURHAM       NC",20.76,,Posted
"XXXXXX7703",10/11/2023,,"FOOD LION #1503          BOONE        NC",45.58,,Posted
"XXXXXX7703",10/8/2023,,"THE SHINY DINER          919-7492200  NC",19.66,,Posted
"XXXXXX7703",10/8/2023,,"TARGET        00011049   GARNER       NC",101.08,,Posted
"XXXXXX7703",10/8/2023,,"FIV*CAUSEFORPAWS SOUTH   RALEIGH      NC",12.19,,Posted
"XXXXXX7703",10/6/2023,,"VTG*Blue Ridge Mountain R800-2377975  NC",885.94,,Posted
"XXXXXX7703",10/4/2023,,"#4 WAKE COUNTY ABC BOARD RALEIGH      NC",86.56,,Posted
"XXXXXX7703",9/30/2023,,"WEAVER STREET MARKET CAR CARRBORO     NC",15.76,,Posted
"XXXXXX7703",9/30/2023,,"FOOD LION #1608          CHAPEL HILL  NC",24.38,,Posted
"XXXXXX7703",9/30/2023,,"TST* Cocoa Cinnamon - LKWDurham       NC",31.18,,Posted
"XXXXXX7703",9/29/2023,,"AMAZON.COM*T145788D1     SEATTLE      WA",213.99,,Posted